{
  "": {
    "swift-dependencies": "/Users/edowney/Desktop/FinalBook/Logger/.build/debug/Logger.build/master.swiftdeps"
  },
  "/Users/edowney/Desktop/FinalBook/Logger/Sources/Logger.swift": {
    "dependencies": "/Users/edowney/Desktop/FinalBook/Logger/.build/debug/Logger.build/Logger.d",
    "object": "/Users/edowney/Desktop/FinalBook/Logger/.build/debug/Logger.build/Logger.swift.o",
    "swiftmodule": "/Users/edowney/Desktop/FinalBook/Logger/.build/debug/Logger.build/Logger~partial.swiftmodule",
    "swift-dependencies": "/Users/edowney/Desktop/FinalBook/Logger/.build/debug/Logger.build/Logger.swiftdeps"
  }
}
